producteur_source;producteur_mappe
Alain Laval;Alain Laval
AP Nature;Ap Nature
Baud SARL;Ferme Baud
Biopain;BioPain
Brasserie de l'Escargot;Brasserie de l'Escargot
Brasserie du Giffre;Brasserie du Giffre
Cave Pierre LONG;Cave Long Pierre
Coopérative Val Fruits Lacroix;Lacroix - Val'fruits
Côtes du Rhône;Coté rhône - Francois PONT
Distillerie des Fleurs de Lune;Fleur de lune
Eleveur des Landes;Châtelain volailles
Escargotière d'Arno;Escargotière d'Arno
"Ferme ""Le Vallon""";Ferme de Vallon
Ferme de Clavélère;Ferme de Clavélère
Ferme de Karine Richard;La bergerie du lochet(richard)
Ferme de Pisse Renard;Ferme de Pisse-renart
Ferme des Grands Champs;Ferme des Grands Champs
GAEC Le Coin;GAEC Le coin
GAEC Le Regain;GAEC LE REGAIN
GAEC Les Gorges des Tines;GAEC Gorges de Tines (cassina)
GAEL Le Chalet;GAEC Le chalet
La Belle Orange;La Belle Orange
La Bergerie des Roches;Bergerie des roches
La ferme des quatre saisons;Ferme des 4 saisons
Les Délices d'Alpage;Les délices d'Alpage
Les Gaufres de Yoyo;Les gaufres de yoyo
Maison Vulliez;Maison Vulliez
Poisson du Léman;Micapèche
Santoline;Santoline
Vers Château;Vers Château